year,annual_return
2021,0.07702329715431344
2022,-0.07184408762774597
2023,0.10826299481780399
2024,0.10704929194507984
2025,0.1522991883604743
2026,0.07170120790192591
